IE11에서 공인인증(미등록 공인인증서 이용 시) 또는 휴대폰인증이 잘 안될 때는 어떻게 해야 하나요?,이용관련
보안프로그램 설치는 어떻게 해야 하나요?,이용관련
발행한 증명서의 원본검증은 어떻게 하나요? (2014년 5월 6일이전의 발행건),이용관련
발행한 증명서의 원본검증은 어떻게 하나요? (2014년 5월 7일부터의 발행건),이용관련
사이버/모바일센터 로그인 방법이 궁금합니다. ,이용관련
자꾸 인터넷 익스플로러 브라우저를 업그레이드 하라고 뜹니다.,이용관련
보안카드란 무엇인가요?,이용관련
보안카드 발급은 어떻게 받나요? ,이용관련
보안카드 등록은 어떻게 하나요?,이용관련
보안카드를 분실했습니다. 어떻게 해야 하나요?,이용관련
사이버센터 서비스 이용시간은 어떻게 되나요?,이용관련
공인인증서는 어디서 발급받나요? ,이용관련
공인인증서 등록 방법이 어떻게 되나요?,이용관련
공인인증서 비밀번호 입력 후 진행되지 않습니다.,이용관련
공인인증서가 만료되었습니다. 어떻게 해야 하나요?,이용관련
공인인증서 없이는 계약사항 조회 불가한가요?,이용관련
피보험자 로그인 시 조회가 되지 않습니다.,이용관련
휴대폰 인증서비스란 무엇인가요?,이용관련
보안카드 거래비밀번호를 잊어버렸습니다.,이용관련
사이버센터를 더 이상 이용하고 싶지 않습니다.,이용관련
PUSH 서비스의 종류는 무엇이 있나요?,이용관련
PUSH를 받고 싶지 않습니다. 어떻게 해야 하나요?,이용관련
가입한 보험계약을 변경 또는 정정하려면 어떻게 하나요?,계약변경
특약을 해지하고 싶은데 어떻게 하나요?,계약변경
직업/직무변경시 고지해야 하나요?,계약변경
개인정보 변경은 어디서 하나요?,계약변경
태아보험인데 태아등재 어떻게 하나요?,계약변경
미성년자로 계약자 변경시 필요한 서류와 새로운 계약자는 누가 방문해야하나요?,계약변경
성명정정시 어떤 방법으로 처리가 가능한가요?,계약변경
우량체 변경 가능상품과 변경시 프로세스가 어떻게 되나요?,계약변경
"내국인에서 외국인, 외국인에서 내국인으로 변경시 필요한 서류는 어떻게 되나요?",계약변경
재해보험 중에 피보험자 교체가 가능한 상품과 처리방법은 어떻게 되나요?,계약변경
연금개시나이 변경이 가능한가요?,계약변경
연금으로 전환 가능한가요?,계약변경
실시간보험료 납입 가능한 은행은 어디인가요?,입금
"자동이체 통장에서 보험료가 출금되었으나, 계약상태가 '실효'로 표출되는 이유는 무엇인가요?",입금
자동이체 출금일은 언제인가요?,입금
자동이체 신청 및 변경은 언제까지 하면 될까요?,입금
자동이체 계좌별 합산이체는 무엇인가요?,입금
연금개시가 도래되었는데 어떻게 신청하면 되나요?,출금
중도인출 서비스란 무엇인가요?,출금
휴면보험금 조회 및 수령절차는 어떻게 되나요?,출금
보험계약대출을 이용하면 혹시 신용등급이 안 좋아질 수 있나요?,출금
변액보험계약 대출 시 신청일 이후 2~3 영업일 후에 대출금이 지급되는데 왜 그런가요?,출금
보험계약대출금 및 이자를 상환하는 방법은 어떤 것들이 있나요?,출금
서류는 어디로 접수해야 하나요?,사고보험금
팩스나 인터넷으로 접수할 수 있나요?,사고보험금
서류는 원본으로 제출해야 하나요?,사고보험금
실손의료보험 통원의료비의 경우 처방전으로도 청구가 가능한가요?,사고보험금
보험금 청구서류에 허위가 있다면 불이익이 있나요?,사고보험금
오래전에 발생한 보험사고에 대해서도 보험금을 받을 수 있나요?,사고보험금
청구 및 지급심사 진행과정이 궁금합니다.,사고보험금
청구한 보험금은 언제 받을 수 있나요?,사고보험금
지급이 지연되는 경우 받는 이자에는 어떤 이율이 적용되나요? ,사고보험금
더 자세한 사항이 궁금할때는 어떻게 해야하나요?,사고보험금
청약철회가 가능한 기간은 언제까지인가요?,신계약
청약철회가 제한되는 경우도 있나요?,신계약
청약철회는 어떻게 하나요?,신계약
